,owner_type,Avg Streams per MAU,MOM User Retention
0,Individual,15.163884673748104,0.14035087719298245
1,Spotify,12.13693009118541,0.12947062198645098
