owner_type,% of Streams >30s,Avg Streams per DAU
Individual,0.6097560975609756,8.375
Spotify,0.6695015772870663,8.164634146341463
